Paper title,year,PDF Link
Mathematical_studies_paper_1_SL.pdf,1991 May Examination Session/,https://www.ibdocuments.com/IB%20PAST%20PAPERS%20-%20SUBJECT/Group%205%20-%20Mathematics/Mathematical_studies_SL/1991 May Examination Session/Mathematical_studies_paper_1_SL.pdf
Mathematical_studies_paper_1_SL_markscheme.pdf,1991 May Examination Session/,https://www.ibdocuments.com/IB%20PAST%20PAPERS%20-%20SUBJECT/Group%205%20-%20Mathematics/Mathematical_studies_SL/1991 May Examination Session/Mathematical_studies_paper_1_SL_markscheme.pdf
Mathematical_studies_paper_2_SL.pdf,1991 May Examination Session/,https://www.ibdocuments.com/IB%20PAST%20PAPERS%20-%20SUBJECT/Group%205%20-%20Mathematics/Mathematical_studies_SL/1991 May Examination Session/Mathematical_studies_paper_2_SL.pdf
Mathematical_studies_paper_2_SL_markscheme.pdf,1991 May Examination Session/,https://www.ibdocuments.com/IB%20PAST%20PAPERS%20-%20SUBJECT/Group%205%20-%20Mathematics/Mathematical_studies_SL/1991 May Examination Session/Mathematical_studies_paper_2_SL_markscheme.pdf
Mathematical_studies_paper_1_SL.pdf,1999 May Examination Session/,https://www.ibdocuments.com/IB%20PAST%20PAPERS%20-%20SUBJECT/Group%205%20-%20Mathematics/Mathematical_studies_SL/1999 May Examination Session/Mathematical_studies_paper_1_SL.pdf
Mathematical_studies_paper_1_SL_markscheme.pdf,1999 May Examination Session/,https://www.ibdocuments.com/IB%20PAST%20PAPERS%20-%20SUBJECT/Group%205%20-%20Mathematics/Mathematical_studies_SL/1999 May Examination Session/Mathematical_studies_paper_1_SL_markscheme.pdf
Mathematical_studies_paper_2_SL.pdf,1999 May Examination Session/,https://www.ibdocuments.com/IB%20PAST%20PAPERS%20-%20SUBJECT/Group%205%20-%20Mathematics/Mathematical_studies_SL/1999 May Examination Session/Mathematical_studies_paper_2_SL.pdf
Mathematical_studies_paper_2_SL_markscheme.pdf,1999 May Examination Session/,https://www.ibdocuments.com/IB%20PAST%20PAPERS%20-%20SUBJECT/Group%205%20-%20Mathematics/Mathematical_studies_SL/1999 May Examination Session/Mathematical_studies_paper_2_SL_markscheme.pdf
Mathematical_studies_paper_1_SL.pdf,1999 November Examination Session/,https://www.ibdocuments.com/IB%20PAST%20PAPERS%20-%20SUBJECT/Group%205%20-%20Mathematics/Mathematical_studies_SL/1999 November Examination Session/Mathematical_studies_paper_1_SL.pdf
Mathematical_studies_paper_1_SL_markscheme.pdf,1999 November Examination Session/,https://www.ibdocuments.com/IB%20PAST%20PAPERS%20-%20SUBJECT/Group%205%20-%20Mathematics/Mathematical_studies_SL/1999 November Examination Session/Mathematical_studies_paper_1_SL_markscheme.pdf
Mathematical_studies_paper_2_SL.pdf,1999 November Examination Session/,https://www.ibdocuments.com/IB%20PAST%20PAPERS%20-%20SUBJECT/Group%205%20-%20Mathematics/Mathematical_studies_SL/1999 November Examination Session/Mathematical_studies_paper_2_SL.pdf
Mathematical_studies_paper_2_SL_markscheme.pdf,1999 November Examination Session/,https://www.ibdocuments.com/IB%20PAST%20PAPERS%20-%20SUBJECT/Group%205%20-%20Mathematics/Mathematical_studies_SL/1999 November Examination Session/Mathematical_studies_paper_2_SL_markscheme.pdf
Mathematical_studies_paper_1_SL.pdf,2000 May Examination Session/,https://www.ibdocuments.com/IB%20PAST%20PAPERS%20-%20SUBJECT/Group%205%20-%20Mathematics/Mathematical_studies_SL/2000 May Examination Session/Mathematical_studies_paper_1_SL.pdf
Mathematical_studies_paper_1_SL_markscheme.pdf,2000 May Examination Session/,https://www.ibdocuments.com/IB%20PAST%20PAPERS%20-%20SUBJECT/Group%205%20-%20Mathematics/Mathematical_studies_SL/2000 May Examination Session/Mathematical_studies_paper_1_SL_markscheme.pdf
Mathematical_studies_paper_2_SL.pdf,2000 May Examination Session/,https://www.ibdocuments.com/IB%20PAST%20PAPERS%20-%20SUBJECT/Group%205%20-%20Mathematics/Mathematical_studies_SL/2000 May Examination Session/Mathematical_studies_paper_2_SL.pdf
Mathematical_studies_paper_2_SL_markscheme.pdf,2000 May Examination Session/,https://www.ibdocuments.com/IB%20PAST%20PAPERS%20-%20SUBJECT/Group%205%20-%20Mathematics/Mathematical_studies_SL/2000 May Examination Session/Mathematical_studies_paper_2_SL_markscheme.pdf
Mathematical_studies_paper_1_SL.pdf,2000 November Examination Session/,https://www.ibdocuments.com/IB%20PAST%20PAPERS%20-%20SUBJECT/Group%205%20-%20Mathematics/Mathematical_studies_SL/2000 November Examination Session/Mathematical_studies_paper_1_SL.pdf
Mathematical_studies_paper_1_SL_markscheme.pdf,2000 November Examination Session/,https://www.ibdocuments.com/IB%20PAST%20PAPERS%20-%20SUBJECT/Group%205%20-%20Mathematics/Mathematical_studies_SL/2000 November Examination Session/Mathematical_studies_paper_1_SL_markscheme.pdf
Mathematical_studies_paper_2_SL.pdf,2000 November Examination Session/,https://www.ibdocuments.com/IB%20PAST%20PAPERS%20-%20SUBJECT/Group%205%20-%20Mathematics/Mathematical_studies_SL/2000 November Examination Session/Mathematical_studies_paper_2_SL.pdf
Mathematical_studies_paper_2_SL_markscheme.pdf,2000 November Examination Session/,https://www.ibdocuments.com/IB%20PAST%20PAPERS%20-%20SUBJECT/Group%205%20-%20Mathematics/Mathematical_studies_SL/2000 November Examination Session/Mathematical_studies_paper_2_SL_markscheme.pdf
Mathematical_studies_paper_1_SL.pdf,2001 May Examination Session/,https://www.ibdocuments.com/IB%20PAST%20PAPERS%20-%20SUBJECT/Group%205%20-%20Mathematics/Mathematical_studies_SL/2001 May Examination Session/Mathematical_studies_paper_1_SL.pdf
Mathematical_studies_paper_1_SL_markscheme.pdf,2001 May Examination Session/,https://www.ibdocuments.com/IB%20PAST%20PAPERS%20-%20SUBJECT/Group%205%20-%20Mathematics/Mathematical_studies_SL/2001 May Examination Session/Mathematical_studies_paper_1_SL_markscheme.pdf
Mathematical_studies_paper_2_SL.pdf,2001 May Examination Session/,https://www.ibdocuments.com/IB%20PAST%20PAPERS%20-%20SUBJECT/Group%205%20-%20Mathematics/Mathematical_studies_SL/2001 May Examination Session/Mathematical_studies_paper_2_SL.pdf
Mathematical_studies_paper_2_SL_markscheme.pdf,2001 May Examination Session/,https://www.ibdocuments.com/IB%20PAST%20PAPERS%20-%20SUBJECT/Group%205%20-%20Mathematics/Mathematical_studies_SL/2001 May Examination Session/Mathematical_studies_paper_2_SL_markscheme.pdf
Mathematical_studies_paper_1_SL.pdf,2001 November Examination Session/,https://www.ibdocuments.com/IB%20PAST%20PAPERS%20-%20SUBJECT/Group%205%20-%20Mathematics/Mathematical_studies_SL/2001 November Examination Session/Mathematical_studies_paper_1_SL.pdf
Mathematical_studies_paper_1_SL_markscheme.pdf,2001 November Examination Session/,https://www.ibdocuments.com/IB%20PAST%20PAPERS%20-%20SUBJECT/Group%205%20-%20Mathematics/Mathematical_studies_SL/2001 November Examination Session/Mathematical_studies_paper_1_SL_markscheme.pdf
Mathematical_studies_paper_2_SL.pdf,2001 November Examination Session/,https://www.ibdocuments.com/IB%20PAST%20PAPERS%20-%20SUBJECT/Group%205%20-%20Mathematics/Mathematical_studies_SL/2001 November Examination Session/Mathematical_studies_paper_2_SL.pdf
Mathematical_studies_paper_2_SL_markscheme.pdf,2001 November Examination Session/,https://www.ibdocuments.com/IB%20PAST%20PAPERS%20-%20SUBJECT/Group%205%20-%20Mathematics/Mathematical_studies_SL/2001 November Examination Session/Mathematical_studies_paper_2_SL_markscheme.pdf
Mathematical_studies_paper_1_SL.pdf,2002 May Examination Session/,https://www.ibdocuments.com/IB%20PAST%20PAPERS%20-%20SUBJECT/Group%205%20-%20Mathematics/Mathematical_studies_SL/2002 May Examination Session/Mathematical_studies_paper_1_SL.pdf
Mathematical_studies_paper_1_SL_markscheme.pdf,2002 May Examination Session/,https://www.ibdocuments.com/IB%20PAST%20PAPERS%20-%20SUBJECT/Group%205%20-%20Mathematics/Mathematical_studies_SL/2002 May Examination Session/Mathematical_studies_paper_1_SL_markscheme.pdf
Mathematical_studies_paper_2_SL.pdf,2002 May Examination Session/,https://www.ibdocuments.com/IB%20PAST%20PAPERS%20-%20SUBJECT/Group%205%20-%20Mathematics/Mathematical_studies_SL/2002 May Examination Session/Mathematical_studies_paper_2_SL.pdf
Mathematical_studies_paper_2_SL_markscheme.pdf,2002 May Examination Session/,https://www.ibdocuments.com/IB%20PAST%20PAPERS%20-%20SUBJECT/Group%205%20-%20Mathematics/Mathematical_studies_SL/2002 May Examination Session/Mathematical_studies_paper_2_SL_markscheme.pdf
Mathematical_studies_paper_1_SL.pdf,2002 November Examination Session/,https://www.ibdocuments.com/IB%20PAST%20PAPERS%20-%20SUBJECT/Group%205%20-%20Mathematics/Mathematical_studies_SL/2002 November Examination Session/Mathematical_studies_paper_1_SL.pdf
Mathematical_studies_paper_1_SL_markscheme.pdf,2002 November Examination Session/,https://www.ibdocuments.com/IB%20PAST%20PAPERS%20-%20SUBJECT/Group%205%20-%20Mathematics/Mathematical_studies_SL/2002 November Examination Session/Mathematical_studies_paper_1_SL_markscheme.pdf
Mathematical_studies_paper_2_SL.pdf,2002 November Examination Session/,https://www.ibdocuments.com/IB%20PAST%20PAPERS%20-%20SUBJECT/Group%205%20-%20Mathematics/Mathematical_studies_SL/2002 November Examination Session/Mathematical_studies_paper_2_SL.pdf
Mathematical_studies_paper_2_SL_markscheme.pdf,2002 November Examination Session/,https://www.ibdocuments.com/IB%20PAST%20PAPERS%20-%20SUBJECT/Group%205%20-%20Mathematics/Mathematical_studies_SL/2002 November Examination Session/Mathematical_studies_paper_2_SL_markscheme.pdf
Mathematical_studies_paper_1_SL.pdf,2003 May Examination Session/,https://www.ibdocuments.com/IB%20PAST%20PAPERS%20-%20SUBJECT/Group%205%20-%20Mathematics/Mathematical_studies_SL/2003 May Examination Session/Mathematical_studies_paper_1_SL.pdf
Mathematical_studies_paper_1_SL_markscheme.pdf,2003 May Examination Session/,https://www.ibdocuments.com/IB%20PAST%20PAPERS%20-%20SUBJECT/Group%205%20-%20Mathematics/Mathematical_studies_SL/2003 May Examination Session/Mathematical_studies_paper_1_SL_markscheme.pdf
Mathematical_studies_paper_2_SL.pdf,2003 May Examination Session/,https://www.ibdocuments.com/IB%20PAST%20PAPERS%20-%20SUBJECT/Group%205%20-%20Mathematics/Mathematical_studies_SL/2003 May Examination Session/Mathematical_studies_paper_2_SL.pdf
Mathematical_studies_paper_2_SL_markscheme.pdf,2003 May Examination Session/,https://www.ibdocuments.com/IB%20PAST%20PAPERS%20-%20SUBJECT/Group%205%20-%20Mathematics/Mathematical_studies_SL/2003 May Examination Session/Mathematical_studies_paper_2_SL_markscheme.pdf
Mathematical_studies_paper_1_SL.pdf,2003 November Examination Session/,https://www.ibdocuments.com/IB%20PAST%20PAPERS%20-%20SUBJECT/Group%205%20-%20Mathematics/Mathematical_studies_SL/2003 November Examination Session/Mathematical_studies_paper_1_SL.pdf
Mathematical_studies_paper_1_SL_markscheme.pdf,2003 November Examination Session/,https://www.ibdocuments.com/IB%20PAST%20PAPERS%20-%20SUBJECT/Group%205%20-%20Mathematics/Mathematical_studies_SL/2003 November Examination Session/Mathematical_studies_paper_1_SL_markscheme.pdf
Mathematical_studies_paper_2_SL.pdf,2003 November Examination Session/,https://www.ibdocuments.com/IB%20PAST%20PAPERS%20-%20SUBJECT/Group%205%20-%20Mathematics/Mathematical_studies_SL/2003 November Examination Session/Mathematical_studies_paper_2_SL.pdf
Mathematical_studies_paper_2_SL_markscheme.pdf,2003 November Examination Session/,https://www.ibdocuments.com/IB%20PAST%20PAPERS%20-%20SUBJECT/Group%205%20-%20Mathematics/Mathematical_studies_SL/2003 November Examination Session/Mathematical_studies_paper_2_SL_markscheme.pdf
Mathematical_studies_paper_1_SL.pdf,2004 May Examination Session/,https://www.ibdocuments.com/IB%20PAST%20PAPERS%20-%20SUBJECT/Group%205%20-%20Mathematics/Mathematical_studies_SL/2004 May Examination Session/Mathematical_studies_paper_1_SL.pdf
Mathematical_studies_paper_1_SL_markscheme.pdf,2004 May Examination Session/,https://www.ibdocuments.com/IB%20PAST%20PAPERS%20-%20SUBJECT/Group%205%20-%20Mathematics/Mathematical_studies_SL/2004 May Examination Session/Mathematical_studies_paper_1_SL_markscheme.pdf
Mathematical_studies_paper_2_SL.pdf,2004 May Examination Session/,https://www.ibdocuments.com/IB%20PAST%20PAPERS%20-%20SUBJECT/Group%205%20-%20Mathematics/Mathematical_studies_SL/2004 May Examination Session/Mathematical_studies_paper_2_SL.pdf
Mathematical_studies_paper_2_SL_markscheme.pdf,2004 May Examination Session/,https://www.ibdocuments.com/IB%20PAST%20PAPERS%20-%20SUBJECT/Group%205%20-%20Mathematics/Mathematical_studies_SL/2004 May Examination Session/Mathematical_studies_paper_2_SL_markscheme.pdf
Mathematical_studies_paper_1_SL.pdf,2004 November Examination Session/,https://www.ibdocuments.com/IB%20PAST%20PAPERS%20-%20SUBJECT/Group%205%20-%20Mathematics/Mathematical_studies_SL/2004 November Examination Session/Mathematical_studies_paper_1_SL.pdf
Mathematical_studies_paper_1_SL_markscheme.pdf,2004 November Examination Session/,https://www.ibdocuments.com/IB%20PAST%20PAPERS%20-%20SUBJECT/Group%205%20-%20Mathematics/Mathematical_studies_SL/2004 November Examination Session/Mathematical_studies_paper_1_SL_markscheme.pdf
Mathematical_studies_paper_2_SL.pdf,2004 November Examination Session/,https://www.ibdocuments.com/IB%20PAST%20PAPERS%20-%20SUBJECT/Group%205%20-%20Mathematics/Mathematical_studies_SL/2004 November Examination Session/Mathematical_studies_paper_2_SL.pdf
Mathematical_studies_paper_2_SL_markscheme.pdf,2004 November Examination Session/,https://www.ibdocuments.com/IB%20PAST%20PAPERS%20-%20SUBJECT/Group%205%20-%20Mathematics/Mathematical_studies_SL/2004 November Examination Session/Mathematical_studies_paper_2_SL_markscheme.pdf
Mathematical_studies_paper_1_SL.pdf,2005 May Examination Session/,https://www.ibdocuments.com/IB%20PAST%20PAPERS%20-%20SUBJECT/Group%205%20-%20Mathematics/Mathematical_studies_SL/2005 May Examination Session/Mathematical_studies_paper_1_SL.pdf
Mathematical_studies_paper_1_SL_markscheme.pdf,2005 May Examination Session/,https://www.ibdocuments.com/IB%20PAST%20PAPERS%20-%20SUBJECT/Group%205%20-%20Mathematics/Mathematical_studies_SL/2005 May Examination Session/Mathematical_studies_paper_1_SL_markscheme.pdf
Mathematical_studies_paper_2_SL.pdf,2005 May Examination Session/,https://www.ibdocuments.com/IB%20PAST%20PAPERS%20-%20SUBJECT/Group%205%20-%20Mathematics/Mathematical_studies_SL/2005 May Examination Session/Mathematical_studies_paper_2_SL.pdf
Mathematical_studies_paper_2_SL_markscheme.pdf,2005 May Examination Session/,https://www.ibdocuments.com/IB%20PAST%20PAPERS%20-%20SUBJECT/Group%205%20-%20Mathematics/Mathematical_studies_SL/2005 May Examination Session/Mathematical_studies_paper_2_SL_markscheme.pdf
Mathematical_studies_paper_1_SL.pdf,2005 November Examination Session/,https://www.ibdocuments.com/IB%20PAST%20PAPERS%20-%20SUBJECT/Group%205%20-%20Mathematics/Mathematical_studies_SL/2005 November Examination Session/Mathematical_studies_paper_1_SL.pdf
Mathematical_studies_paper_1_SL_markscheme.pdf,2005 November Examination Session/,https://www.ibdocuments.com/IB%20PAST%20PAPERS%20-%20SUBJECT/Group%205%20-%20Mathematics/Mathematical_studies_SL/2005 November Examination Session/Mathematical_studies_paper_1_SL_markscheme.pdf
Mathematical_studies_paper_2_SL.pdf,2005 November Examination Session/,https://www.ibdocuments.com/IB%20PAST%20PAPERS%20-%20SUBJECT/Group%205%20-%20Mathematics/Mathematical_studies_SL/2005 November Examination Session/Mathematical_studies_paper_2_SL.pdf
Mathematical_studies_paper_2_SL_markscheme.pdf,2005 November Examination Session/,https://www.ibdocuments.com/IB%20PAST%20PAPERS%20-%20SUBJECT/Group%205%20-%20Mathematics/Mathematical_studies_SL/2005 November Examination Session/Mathematical_studies_paper_2_SL_markscheme.pdf
Mathematical_studies_paper_1_SL.pdf,2006 May Examination Session/,https://www.ibdocuments.com/IB%20PAST%20PAPERS%20-%20SUBJECT/Group%205%20-%20Mathematics/Mathematical_studies_SL/2006 May Examination Session/Mathematical_studies_paper_1_SL.pdf
Mathematical_studies_paper_1_SL_markscheme.pdf,2006 May Examination Session/,https://www.ibdocuments.com/IB%20PAST%20PAPERS%20-%20SUBJECT/Group%205%20-%20Mathematics/Mathematical_studies_SL/2006 May Examination Session/Mathematical_studies_paper_1_SL_markscheme.pdf
Mathematical_studies_paper_2_SL.pdf,2006 May Examination Session/,https://www.ibdocuments.com/IB%20PAST%20PAPERS%20-%20SUBJECT/Group%205%20-%20Mathematics/Mathematical_studies_SL/2006 May Examination Session/Mathematical_studies_paper_2_SL.pdf
Mathematical_studies_paper_2_SL_markscheme.pdf,2006 May Examination Session/,https://www.ibdocuments.com/IB%20PAST%20PAPERS%20-%20SUBJECT/Group%205%20-%20Mathematics/Mathematical_studies_SL/2006 May Examination Session/Mathematical_studies_paper_2_SL_markscheme.pdf
Mathematical_studies_paper_1_SL.pdf,2006 November Examination Session/,https://www.ibdocuments.com/IB%20PAST%20PAPERS%20-%20SUBJECT/Group%205%20-%20Mathematics/Mathematical_studies_SL/2006 November Examination Session/Mathematical_studies_paper_1_SL.pdf
Mathematical_studies_paper_1_SL_markscheme.pdf,2006 November Examination Session/,https://www.ibdocuments.com/IB%20PAST%20PAPERS%20-%20SUBJECT/Group%205%20-%20Mathematics/Mathematical_studies_SL/2006 November Examination Session/Mathematical_studies_paper_1_SL_markscheme.pdf
Mathematical_studies_paper_2_SL.pdf,2006 November Examination Session/,https://www.ibdocuments.com/IB%20PAST%20PAPERS%20-%20SUBJECT/Group%205%20-%20Mathematics/Mathematical_studies_SL/2006 November Examination Session/Mathematical_studies_paper_2_SL.pdf
Mathematical_studies_paper_2_SL_markscheme.pdf,2006 November Examination Session/,https://www.ibdocuments.com/IB%20PAST%20PAPERS%20-%20SUBJECT/Group%205%20-%20Mathematics/Mathematical_studies_SL/2006 November Examination Session/Mathematical_studies_paper_2_SL_markscheme.pdf
Mathematical_studies_paper_1_SL.pdf,2007 May Examination Session/,https://www.ibdocuments.com/IB%20PAST%20PAPERS%20-%20SUBJECT/Group%205%20-%20Mathematics/Mathematical_studies_SL/2007 May Examination Session/Mathematical_studies_paper_1_SL.pdf
Mathematical_studies_paper_1_SL_markscheme.pdf,2007 May Examination Session/,https://www.ibdocuments.com/IB%20PAST%20PAPERS%20-%20SUBJECT/Group%205%20-%20Mathematics/Mathematical_studies_SL/2007 May Examination Session/Mathematical_studies_paper_1_SL_markscheme.pdf
Mathematical_studies_paper_2_SL.pdf,2007 May Examination Session/,https://www.ibdocuments.com/IB%20PAST%20PAPERS%20-%20SUBJECT/Group%205%20-%20Mathematics/Mathematical_studies_SL/2007 May Examination Session/Mathematical_studies_paper_2_SL.pdf
Mathematical_studies_paper_2_SL_markscheme.pdf,2007 May Examination Session/,https://www.ibdocuments.com/IB%20PAST%20PAPERS%20-%20SUBJECT/Group%205%20-%20Mathematics/Mathematical_studies_SL/2007 May Examination Session/Mathematical_studies_paper_2_SL_markscheme.pdf
Mathematical_studies_paper_1_SL.pdf,2007 November Examination Session/,https://www.ibdocuments.com/IB%20PAST%20PAPERS%20-%20SUBJECT/Group%205%20-%20Mathematics/Mathematical_studies_SL/2007 November Examination Session/Mathematical_studies_paper_1_SL.pdf
Mathematical_studies_paper_1_SL_markscheme.pdf,2007 November Examination Session/,https://www.ibdocuments.com/IB%20PAST%20PAPERS%20-%20SUBJECT/Group%205%20-%20Mathematics/Mathematical_studies_SL/2007 November Examination Session/Mathematical_studies_paper_1_SL_markscheme.pdf
Mathematical_studies_paper_2_SL.pdf,2007 November Examination Session/,https://www.ibdocuments.com/IB%20PAST%20PAPERS%20-%20SUBJECT/Group%205%20-%20Mathematics/Mathematical_studies_SL/2007 November Examination Session/Mathematical_studies_paper_2_SL.pdf
Mathematical_studies_paper_2_SL_markscheme.pdf,2007 November Examination Session/,https://www.ibdocuments.com/IB%20PAST%20PAPERS%20-%20SUBJECT/Group%205%20-%20Mathematics/Mathematical_studies_SL/2007 November Examination Session/Mathematical_studies_paper_2_SL_markscheme.pdf
Mathematical_studies_paper_1_TZ1_SL.pdf,2008 May Examination Session/,https://www.ibdocuments.com/IB%20PAST%20PAPERS%20-%20SUBJECT/Group%205%20-%20Mathematics/Mathematical_studies_SL/2008 May Examination Session/Mathematical_studies_paper_1_TZ1_SL.pdf
Mathematical_studies_paper_1_TZ1_SL_markscheme.pdf,2008 May Examination Session/,https://www.ibdocuments.com/IB%20PAST%20PAPERS%20-%20SUBJECT/Group%205%20-%20Mathematics/Mathematical_studies_SL/2008 May Examination Session/Mathematical_studies_paper_1_TZ1_SL_markscheme.pdf
Mathematical_studies_paper_1_TZ2_SL.pdf,2008 May Examination Session/,https://www.ibdocuments.com/IB%20PAST%20PAPERS%20-%20SUBJECT/Group%205%20-%20Mathematics/Mathematical_studies_SL/2008 May Examination Session/Mathematical_studies_paper_1_TZ2_SL.pdf
Mathematical_studies_paper_1_TZ2_SL_markscheme.pdf,2008 May Examination Session/,https://www.ibdocuments.com/IB%20PAST%20PAPERS%20-%20SUBJECT/Group%205%20-%20Mathematics/Mathematical_studies_SL/2008 May Examination Session/Mathematical_studies_paper_1_TZ2_SL_markscheme.pdf
Mathematical_studies_paper_2_TZ1_SL.pdf,2008 May Examination Session/,https://www.ibdocuments.com/IB%20PAST%20PAPERS%20-%20SUBJECT/Group%205%20-%20Mathematics/Mathematical_studies_SL/2008 May Examination Session/Mathematical_studies_paper_2_TZ1_SL.pdf
Mathematical_studies_paper_2_TZ1_SL_markscheme.pdf,2008 May Examination Session/,https://www.ibdocuments.com/IB%20PAST%20PAPERS%20-%20SUBJECT/Group%205%20-%20Mathematics/Mathematical_studies_SL/2008 May Examination Session/Mathematical_studies_paper_2_TZ1_SL_markscheme.pdf
Mathematical_studies_paper_2_TZ2_SL.pdf,2008 May Examination Session/,https://www.ibdocuments.com/IB%20PAST%20PAPERS%20-%20SUBJECT/Group%205%20-%20Mathematics/Mathematical_studies_SL/2008 May Examination Session/Mathematical_studies_paper_2_TZ2_SL.pdf
Mathematical_studies_paper_2_TZ2_SL_markscheme.pdf,2008 May Examination Session/,https://www.ibdocuments.com/IB%20PAST%20PAPERS%20-%20SUBJECT/Group%205%20-%20Mathematics/Mathematical_studies_SL/2008 May Examination Session/Mathematical_studies_paper_2_TZ2_SL_markscheme.pdf
Mathematical_studies_paper_1_SL.pdf,2008 November Examination Session/,https://www.ibdocuments.com/IB%20PAST%20PAPERS%20-%20SUBJECT/Group%205%20-%20Mathematics/Mathematical_studies_SL/2008 November Examination Session/Mathematical_studies_paper_1_SL.pdf
Mathematical_studies_paper_1_SL_markscheme.pdf,2008 November Examination Session/,https://www.ibdocuments.com/IB%20PAST%20PAPERS%20-%20SUBJECT/Group%205%20-%20Mathematics/Mathematical_studies_SL/2008 November Examination Session/Mathematical_studies_paper_1_SL_markscheme.pdf
Mathematical_studies_paper_2_SL.pdf,2008 November Examination Session/,https://www.ibdocuments.com/IB%20PAST%20PAPERS%20-%20SUBJECT/Group%205%20-%20Mathematics/Mathematical_studies_SL/2008 November Examination Session/Mathematical_studies_paper_2_SL.pdf
Mathematical_studies_paper_1_TZ1_SL.pdf,2009 May Examination Session/,https://www.ibdocuments.com/IB%20PAST%20PAPERS%20-%20SUBJECT/Group%205%20-%20Mathematics/Mathematical_studies_SL/2009 May Examination Session/Mathematical_studies_paper_1_TZ1_SL.pdf
Mathematical_studies_paper_1_TZ1_SL_markscheme.pdf,2009 May Examination Session/,https://www.ibdocuments.com/IB%20PAST%20PAPERS%20-%20SUBJECT/Group%205%20-%20Mathematics/Mathematical_studies_SL/2009 May Examination Session/Mathematical_studies_paper_1_TZ1_SL_markscheme.pdf
Mathematical_studies_paper_1_TZ2_SL.pdf,2009 May Examination Session/,https://www.ibdocuments.com/IB%20PAST%20PAPERS%20-%20SUBJECT/Group%205%20-%20Mathematics/Mathematical_studies_SL/2009 May Examination Session/Mathematical_studies_paper_1_TZ2_SL.pdf
Mathematical_studies_paper_1_TZ2_SL_markscheme.pdf,2009 May Examination Session/,https://www.ibdocuments.com/IB%20PAST%20PAPERS%20-%20SUBJECT/Group%205%20-%20Mathematics/Mathematical_studies_SL/2009 May Examination Session/Mathematical_studies_paper_1_TZ2_SL_markscheme.pdf
Mathematical_studies_paper_2_TZ1_SL.pdf,2009 May Examination Session/,https://www.ibdocuments.com/IB%20PAST%20PAPERS%20-%20SUBJECT/Group%205%20-%20Mathematics/Mathematical_studies_SL/2009 May Examination Session/Mathematical_studies_paper_2_TZ1_SL.pdf
Mathematical_studies_paper_2_TZ1_SL_markscheme.pdf,2009 May Examination Session/,https://www.ibdocuments.com/IB%20PAST%20PAPERS%20-%20SUBJECT/Group%205%20-%20Mathematics/Mathematical_studies_SL/2009 May Examination Session/Mathematical_studies_paper_2_TZ1_SL_markscheme.pdf
Mathematical_studies_paper_2_TZ2_SL.pdf,2009 May Examination Session/,https://www.ibdocuments.com/IB%20PAST%20PAPERS%20-%20SUBJECT/Group%205%20-%20Mathematics/Mathematical_studies_SL/2009 May Examination Session/Mathematical_studies_paper_2_TZ2_SL.pdf
Mathematical_studies_paper_2_TZ2_SL_markscheme.pdf,2009 May Examination Session/,https://www.ibdocuments.com/IB%20PAST%20PAPERS%20-%20SUBJECT/Group%205%20-%20Mathematics/Mathematical_studies_SL/2009 May Examination Session/Mathematical_studies_paper_2_TZ2_SL_markscheme.pdf
Mathematical_studies_paper_1_SL.pdf,2009 November Examination Session/,https://www.ibdocuments.com/IB%20PAST%20PAPERS%20-%20SUBJECT/Group%205%20-%20Mathematics/Mathematical_studies_SL/2009 November Examination Session/Mathematical_studies_paper_1_SL.pdf
Mathematical_studies_paper_1_SL_markscheme.pdf,2009 November Examination Session/,https://www.ibdocuments.com/IB%20PAST%20PAPERS%20-%20SUBJECT/Group%205%20-%20Mathematics/Mathematical_studies_SL/2009 November Examination Session/Mathematical_studies_paper_1_SL_markscheme.pdf
Mathematical_studies_paper_2_SL.pdf,2009 November Examination Session/,https://www.ibdocuments.com/IB%20PAST%20PAPERS%20-%20SUBJECT/Group%205%20-%20Mathematics/Mathematical_studies_SL/2009 November Examination Session/Mathematical_studies_paper_2_SL.pdf
Mathematical_studies_paper_2_SL_markscheme.pdf,2009 November Examination Session/,https://www.ibdocuments.com/IB%20PAST%20PAPERS%20-%20SUBJECT/Group%205%20-%20Mathematics/Mathematical_studies_SL/2009 November Examination Session/Mathematical_studies_paper_2_SL_markscheme.pdf
Mathematical_studies_paper_1_TZ1_SL.pdf,2010 May Examination Session/,https://www.ibdocuments.com/IB%20PAST%20PAPERS%20-%20SUBJECT/Group%205%20-%20Mathematics/Mathematical_studies_SL/2010 May Examination Session/Mathematical_studies_paper_1_TZ1_SL.pdf
Mathematical_studies_paper_1_TZ1_SL_markscheme.pdf,2010 May Examination Session/,https://www.ibdocuments.com/IB%20PAST%20PAPERS%20-%20SUBJECT/Group%205%20-%20Mathematics/Mathematical_studies_SL/2010 May Examination Session/Mathematical_studies_paper_1_TZ1_SL_markscheme.pdf
Mathematical_studies_paper_1_TZ2_SL.pdf,2010 May Examination Session/,https://www.ibdocuments.com/IB%20PAST%20PAPERS%20-%20SUBJECT/Group%205%20-%20Mathematics/Mathematical_studies_SL/2010 May Examination Session/Mathematical_studies_paper_1_TZ2_SL.pdf
Mathematical_studies_paper_1_TZ2_SL_markscheme.pdf,2010 May Examination Session/,https://www.ibdocuments.com/IB%20PAST%20PAPERS%20-%20SUBJECT/Group%205%20-%20Mathematics/Mathematical_studies_SL/2010 May Examination Session/Mathematical_studies_paper_1_TZ2_SL_markscheme.pdf
Mathematical_studies_paper_2_TZ1_SL.pdf,2010 May Examination Session/,https://www.ibdocuments.com/IB%20PAST%20PAPERS%20-%20SUBJECT/Group%205%20-%20Mathematics/Mathematical_studies_SL/2010 May Examination Session/Mathematical_studies_paper_2_TZ1_SL.pdf
Mathematical_studies_paper_2_TZ1_SL_markscheme.pdf,2010 May Examination Session/,https://www.ibdocuments.com/IB%20PAST%20PAPERS%20-%20SUBJECT/Group%205%20-%20Mathematics/Mathematical_studies_SL/2010 May Examination Session/Mathematical_studies_paper_2_TZ1_SL_markscheme.pdf
Mathematical_studies_paper_2_TZ2_SL.pdf,2010 May Examination Session/,https://www.ibdocuments.com/IB%20PAST%20PAPERS%20-%20SUBJECT/Group%205%20-%20Mathematics/Mathematical_studies_SL/2010 May Examination Session/Mathematical_studies_paper_2_TZ2_SL.pdf
Mathematical_studies_paper_2_TZ2_SL_markscheme.pdf,2010 May Examination Session/,https://www.ibdocuments.com/IB%20PAST%20PAPERS%20-%20SUBJECT/Group%205%20-%20Mathematics/Mathematical_studies_SL/2010 May Examination Session/Mathematical_studies_paper_2_TZ2_SL_markscheme.pdf
Mathematical_studies_paper_1_SL.pdf,2010 November Examination Session/,https://www.ibdocuments.com/IB%20PAST%20PAPERS%20-%20SUBJECT/Group%205%20-%20Mathematics/Mathematical_studies_SL/2010 November Examination Session/Mathematical_studies_paper_1_SL.pdf
Mathematical_studies_paper_1_SL_markscheme.pdf,2010 November Examination Session/,https://www.ibdocuments.com/IB%20PAST%20PAPERS%20-%20SUBJECT/Group%205%20-%20Mathematics/Mathematical_studies_SL/2010 November Examination Session/Mathematical_studies_paper_1_SL_markscheme.pdf
Mathematical_studies_paper_2_SL.pdf,2010 November Examination Session/,https://www.ibdocuments.com/IB%20PAST%20PAPERS%20-%20SUBJECT/Group%205%20-%20Mathematics/Mathematical_studies_SL/2010 November Examination Session/Mathematical_studies_paper_2_SL.pdf
Mathematical_studies_paper_2_SL_markscheme.pdf,2010 November Examination Session/,https://www.ibdocuments.com/IB%20PAST%20PAPERS%20-%20SUBJECT/Group%205%20-%20Mathematics/Mathematical_studies_SL/2010 November Examination Session/Mathematical_studies_paper_2_SL_markscheme.pdf
Mathematical_studies_paper_1_TZ1_SL.pdf,2011 May Examination Session/,https://www.ibdocuments.com/IB%20PAST%20PAPERS%20-%20SUBJECT/Group%205%20-%20Mathematics/Mathematical_studies_SL/2011 May Examination Session/Mathematical_studies_paper_1_TZ1_SL.pdf
Mathematical_studies_paper_1_TZ1_SL_markscheme.pdf,2011 May Examination Session/,https://www.ibdocuments.com/IB%20PAST%20PAPERS%20-%20SUBJECT/Group%205%20-%20Mathematics/Mathematical_studies_SL/2011 May Examination Session/Mathematical_studies_paper_1_TZ1_SL_markscheme.pdf
Mathematical_studies_paper_1_TZ2_SL.pdf,2011 May Examination Session/,https://www.ibdocuments.com/IB%20PAST%20PAPERS%20-%20SUBJECT/Group%205%20-%20Mathematics/Mathematical_studies_SL/2011 May Examination Session/Mathematical_studies_paper_1_TZ2_SL.pdf
Mathematical_studies_paper_1_TZ2_SL_markscheme.pdf,2011 May Examination Session/,https://www.ibdocuments.com/IB%20PAST%20PAPERS%20-%20SUBJECT/Group%205%20-%20Mathematics/Mathematical_studies_SL/2011 May Examination Session/Mathematical_studies_paper_1_TZ2_SL_markscheme.pdf
Mathematical_studies_paper_2_TZ1_SL.pdf,2011 May Examination Session/,https://www.ibdocuments.com/IB%20PAST%20PAPERS%20-%20SUBJECT/Group%205%20-%20Mathematics/Mathematical_studies_SL/2011 May Examination Session/Mathematical_studies_paper_2_TZ1_SL.pdf
Mathematical_studies_paper_2_TZ1_SL_markscheme.pdf,2011 May Examination Session/,https://www.ibdocuments.com/IB%20PAST%20PAPERS%20-%20SUBJECT/Group%205%20-%20Mathematics/Mathematical_studies_SL/2011 May Examination Session/Mathematical_studies_paper_2_TZ1_SL_markscheme.pdf
Mathematical_studies_paper_2_TZ2_SL.pdf,2011 May Examination Session/,https://www.ibdocuments.com/IB%20PAST%20PAPERS%20-%20SUBJECT/Group%205%20-%20Mathematics/Mathematical_studies_SL/2011 May Examination Session/Mathematical_studies_paper_2_TZ2_SL.pdf
Mathematical_studies_paper_2_TZ2_SL_markscheme.pdf,2011 May Examination Session/,https://www.ibdocuments.com/IB%20PAST%20PAPERS%20-%20SUBJECT/Group%205%20-%20Mathematics/Mathematical_studies_SL/2011 May Examination Session/Mathematical_studies_paper_2_TZ2_SL_markscheme.pdf
Mathematical_studies_paper_1_SL.pdf,2011 November Examination Session/,https://www.ibdocuments.com/IB%20PAST%20PAPERS%20-%20SUBJECT/Group%205%20-%20Mathematics/Mathematical_studies_SL/2011 November Examination Session/Mathematical_studies_paper_1_SL.pdf
Mathematical_studies_paper_1_SL_markscheme.pdf,2011 November Examination Session/,https://www.ibdocuments.com/IB%20PAST%20PAPERS%20-%20SUBJECT/Group%205%20-%20Mathematics/Mathematical_studies_SL/2011 November Examination Session/Mathematical_studies_paper_1_SL_markscheme.pdf
Mathematical_studies_paper_2_SL.pdf,2011 November Examination Session/,https://www.ibdocuments.com/IB%20PAST%20PAPERS%20-%20SUBJECT/Group%205%20-%20Mathematics/Mathematical_studies_SL/2011 November Examination Session/Mathematical_studies_paper_2_SL.pdf
Mathematical_studies_paper_2_SL_markscheme.pdf,2011 November Examination Session/,https://www.ibdocuments.com/IB%20PAST%20PAPERS%20-%20SUBJECT/Group%205%20-%20Mathematics/Mathematical_studies_SL/2011 November Examination Session/Mathematical_studies_paper_2_SL_markscheme.pdf
Mathematical_studies_paper_1_TZ1_SL.pdf,2012 May Examination Session/,https://www.ibdocuments.com/IB%20PAST%20PAPERS%20-%20SUBJECT/Group%205%20-%20Mathematics/Mathematical_studies_SL/2012 May Examination Session/Mathematical_studies_paper_1_TZ1_SL.pdf
Mathematical_studies_paper_1_TZ1_SL_markscheme.pdf,2012 May Examination Session/,https://www.ibdocuments.com/IB%20PAST%20PAPERS%20-%20SUBJECT/Group%205%20-%20Mathematics/Mathematical_studies_SL/2012 May Examination Session/Mathematical_studies_paper_1_TZ1_SL_markscheme.pdf
Mathematical_studies_paper_1_TZ2_SL.pdf,2012 May Examination Session/,https://www.ibdocuments.com/IB%20PAST%20PAPERS%20-%20SUBJECT/Group%205%20-%20Mathematics/Mathematical_studies_SL/2012 May Examination Session/Mathematical_studies_paper_1_TZ2_SL.pdf
Mathematical_studies_paper_1_TZ2_SL_markscheme.pdf,2012 May Examination Session/,https://www.ibdocuments.com/IB%20PAST%20PAPERS%20-%20SUBJECT/Group%205%20-%20Mathematics/Mathematical_studies_SL/2012 May Examination Session/Mathematical_studies_paper_1_TZ2_SL_markscheme.pdf
Mathematical_studies_paper_2_TZ1_SL.pdf,2012 May Examination Session/,https://www.ibdocuments.com/IB%20PAST%20PAPERS%20-%20SUBJECT/Group%205%20-%20Mathematics/Mathematical_studies_SL/2012 May Examination Session/Mathematical_studies_paper_2_TZ1_SL.pdf
Mathematical_studies_paper_2_TZ1_SL_markscheme.pdf,2012 May Examination Session/,https://www.ibdocuments.com/IB%20PAST%20PAPERS%20-%20SUBJECT/Group%205%20-%20Mathematics/Mathematical_studies_SL/2012 May Examination Session/Mathematical_studies_paper_2_TZ1_SL_markscheme.pdf
Mathematical_studies_paper_2_TZ2_SL.pdf,2012 May Examination Session/,https://www.ibdocuments.com/IB%20PAST%20PAPERS%20-%20SUBJECT/Group%205%20-%20Mathematics/Mathematical_studies_SL/2012 May Examination Session/Mathematical_studies_paper_2_TZ2_SL.pdf
Mathematical_studies_paper_2_TZ2_SL_markscheme.pdf,2012 May Examination Session/,https://www.ibdocuments.com/IB%20PAST%20PAPERS%20-%20SUBJECT/Group%205%20-%20Mathematics/Mathematical_studies_SL/2012 May Examination Session/Mathematical_studies_paper_2_TZ2_SL_markscheme.pdf
Mathematical_studies_paper_1_SL.pdf,2012 November Examination Session/,https://www.ibdocuments.com/IB%20PAST%20PAPERS%20-%20SUBJECT/Group%205%20-%20Mathematics/Mathematical_studies_SL/2012 November Examination Session/Mathematical_studies_paper_1_SL.pdf
Mathematical_studies_paper_1_SL_markscheme.pdf,2012 November Examination Session/,https://www.ibdocuments.com/IB%20PAST%20PAPERS%20-%20SUBJECT/Group%205%20-%20Mathematics/Mathematical_studies_SL/2012 November Examination Session/Mathematical_studies_paper_1_SL_markscheme.pdf
Mathematical_studies_paper_2_SL.pdf,2012 November Examination Session/,https://www.ibdocuments.com/IB%20PAST%20PAPERS%20-%20SUBJECT/Group%205%20-%20Mathematics/Mathematical_studies_SL/2012 November Examination Session/Mathematical_studies_paper_2_SL.pdf
Mathematical_studies_paper_2_SL_markscheme.pdf,2012 November Examination Session/,https://www.ibdocuments.com/IB%20PAST%20PAPERS%20-%20SUBJECT/Group%205%20-%20Mathematics/Mathematical_studies_SL/2012 November Examination Session/Mathematical_studies_paper_2_SL_markscheme.pdf
Mathematical_studies_paper_1_TZ1_SL.pdf,2013 May Examination Session/,https://www.ibdocuments.com/IB%20PAST%20PAPERS%20-%20SUBJECT/Group%205%20-%20Mathematics/Mathematical_studies_SL/2013 May Examination Session/Mathematical_studies_paper_1_TZ1_SL.pdf
Mathematical_studies_paper_1_TZ1_SL_markscheme.pdf,2013 May Examination Session/,https://www.ibdocuments.com/IB%20PAST%20PAPERS%20-%20SUBJECT/Group%205%20-%20Mathematics/Mathematical_studies_SL/2013 May Examination Session/Mathematical_studies_paper_1_TZ1_SL_markscheme.pdf
Mathematical_studies_paper_1_TZ2_SL.pdf,2013 May Examination Session/,https://www.ibdocuments.com/IB%20PAST%20PAPERS%20-%20SUBJECT/Group%205%20-%20Mathematics/Mathematical_studies_SL/2013 May Examination Session/Mathematical_studies_paper_1_TZ2_SL.pdf
Mathematical_studies_paper_1_TZ2_SL_markscheme.pdf,2013 May Examination Session/,https://www.ibdocuments.com/IB%20PAST%20PAPERS%20-%20SUBJECT/Group%205%20-%20Mathematics/Mathematical_studies_SL/2013 May Examination Session/Mathematical_studies_paper_1_TZ2_SL_markscheme.pdf
Mathematical_studies_paper_2_TZ1_SL.pdf,2013 May Examination Session/,https://www.ibdocuments.com/IB%20PAST%20PAPERS%20-%20SUBJECT/Group%205%20-%20Mathematics/Mathematical_studies_SL/2013 May Examination Session/Mathematical_studies_paper_2_TZ1_SL.pdf
Mathematical_studies_paper_2_TZ1_SL_markscheme.pdf,2013 May Examination Session/,https://www.ibdocuments.com/IB%20PAST%20PAPERS%20-%20SUBJECT/Group%205%20-%20Mathematics/Mathematical_studies_SL/2013 May Examination Session/Mathematical_studies_paper_2_TZ1_SL_markscheme.pdf
Mathematical_studies_paper_2_TZ2_SL.pdf,2013 May Examination Session/,https://www.ibdocuments.com/IB%20PAST%20PAPERS%20-%20SUBJECT/Group%205%20-%20Mathematics/Mathematical_studies_SL/2013 May Examination Session/Mathematical_studies_paper_2_TZ2_SL.pdf
Mathematical_studies_paper_2_TZ2_SL_markscheme.pdf,2013 May Examination Session/,https://www.ibdocuments.com/IB%20PAST%20PAPERS%20-%20SUBJECT/Group%205%20-%20Mathematics/Mathematical_studies_SL/2013 May Examination Session/Mathematical_studies_paper_2_TZ2_SL_markscheme.pdf
Mathematical_studies_paper_1_SL.pdf,2013 November Examination Session/,https://www.ibdocuments.com/IB%20PAST%20PAPERS%20-%20SUBJECT/Group%205%20-%20Mathematics/Mathematical_studies_SL/2013 November Examination Session/Mathematical_studies_paper_1_SL.pdf
Mathematical_studies_paper_1_SL_markscheme.pdf,2013 November Examination Session/,https://www.ibdocuments.com/IB%20PAST%20PAPERS%20-%20SUBJECT/Group%205%20-%20Mathematics/Mathematical_studies_SL/2013 November Examination Session/Mathematical_studies_paper_1_SL_markscheme.pdf
Mathematical_studies_paper_2_SL.pdf,2013 November Examination Session/,https://www.ibdocuments.com/IB%20PAST%20PAPERS%20-%20SUBJECT/Group%205%20-%20Mathematics/Mathematical_studies_SL/2013 November Examination Session/Mathematical_studies_paper_2_SL.pdf
Mathematical_studies_paper_2_SL_markscheme.pdf,2013 November Examination Session/,https://www.ibdocuments.com/IB%20PAST%20PAPERS%20-%20SUBJECT/Group%205%20-%20Mathematics/Mathematical_studies_SL/2013 November Examination Session/Mathematical_studies_paper_2_SL_markscheme.pdf
Mathematical_studies_paper_1_TZ1_SL.pdf,2014 May Examination Session/,https://www.ibdocuments.com/IB%20PAST%20PAPERS%20-%20SUBJECT/Group%205%20-%20Mathematics/Mathematical_studies_SL/2014 May Examination Session/Mathematical_studies_paper_1_TZ1_SL.pdf
Mathematical_studies_paper_1_TZ1_SL_markscheme.pdf,2014 May Examination Session/,https://www.ibdocuments.com/IB%20PAST%20PAPERS%20-%20SUBJECT/Group%205%20-%20Mathematics/Mathematical_studies_SL/2014 May Examination Session/Mathematical_studies_paper_1_TZ1_SL_markscheme.pdf
Mathematical_studies_paper_1_TZ2_SL.pdf,2014 May Examination Session/,https://www.ibdocuments.com/IB%20PAST%20PAPERS%20-%20SUBJECT/Group%205%20-%20Mathematics/Mathematical_studies_SL/2014 May Examination Session/Mathematical_studies_paper_1_TZ2_SL.pdf
Mathematical_studies_paper_1_TZ2_SL_markscheme.pdf,2014 May Examination Session/,https://www.ibdocuments.com/IB%20PAST%20PAPERS%20-%20SUBJECT/Group%205%20-%20Mathematics/Mathematical_studies_SL/2014 May Examination Session/Mathematical_studies_paper_1_TZ2_SL_markscheme.pdf
Mathematical_studies_paper_2_TZ1_SL.pdf,2014 May Examination Session/,https://www.ibdocuments.com/IB%20PAST%20PAPERS%20-%20SUBJECT/Group%205%20-%20Mathematics/Mathematical_studies_SL/2014 May Examination Session/Mathematical_studies_paper_2_TZ1_SL.pdf
Mathematical_studies_paper_2_TZ1_SL_markscheme.pdf,2014 May Examination Session/,https://www.ibdocuments.com/IB%20PAST%20PAPERS%20-%20SUBJECT/Group%205%20-%20Mathematics/Mathematical_studies_SL/2014 May Examination Session/Mathematical_studies_paper_2_TZ1_SL_markscheme.pdf
Mathematical_studies_paper_2_TZ2_SL.pdf,2014 May Examination Session/,https://www.ibdocuments.com/IB%20PAST%20PAPERS%20-%20SUBJECT/Group%205%20-%20Mathematics/Mathematical_studies_SL/2014 May Examination Session/Mathematical_studies_paper_2_TZ2_SL.pdf
Mathematical_studies_paper_2_TZ2_SL_markscheme.pdf,2014 May Examination Session/,https://www.ibdocuments.com/IB%20PAST%20PAPERS%20-%20SUBJECT/Group%205%20-%20Mathematics/Mathematical_studies_SL/2014 May Examination Session/Mathematical_studies_paper_2_TZ2_SL_markscheme.pdf
Mathematical_studies_paper_1_SL.pdf,2014 November Examination Session/,https://www.ibdocuments.com/IB%20PAST%20PAPERS%20-%20SUBJECT/Group%205%20-%20Mathematics/Mathematical_studies_SL/2014 November Examination Session/Mathematical_studies_paper_1_SL.pdf
Mathematical_studies_paper_1_SL_markscheme.pdf,2014 November Examination Session/,https://www.ibdocuments.com/IB%20PAST%20PAPERS%20-%20SUBJECT/Group%205%20-%20Mathematics/Mathematical_studies_SL/2014 November Examination Session/Mathematical_studies_paper_1_SL_markscheme.pdf
Mathematical_studies_paper_2_SL.pdf,2014 November Examination Session/,https://www.ibdocuments.com/IB%20PAST%20PAPERS%20-%20SUBJECT/Group%205%20-%20Mathematics/Mathematical_studies_SL/2014 November Examination Session/Mathematical_studies_paper_2_SL.pdf
Mathematical_studies_paper_2_SL_markscheme.pdf,2014 November Examination Session/,https://www.ibdocuments.com/IB%20PAST%20PAPERS%20-%20SUBJECT/Group%205%20-%20Mathematics/Mathematical_studies_SL/2014 November Examination Session/Mathematical_studies_paper_2_SL_markscheme.pdf
Mathematical_studies_paper_1_TZ1_SL.pdf,2015 May Examination Session/,https://www.ibdocuments.com/IB%20PAST%20PAPERS%20-%20SUBJECT/Group%205%20-%20Mathematics/Mathematical_studies_SL/2015 May Examination Session/Mathematical_studies_paper_1_TZ1_SL.pdf
Mathematical_studies_paper_1_TZ1_SL_markscheme.pdf,2015 May Examination Session/,https://www.ibdocuments.com/IB%20PAST%20PAPERS%20-%20SUBJECT/Group%205%20-%20Mathematics/Mathematical_studies_SL/2015 May Examination Session/Mathematical_studies_paper_1_TZ1_SL_markscheme.pdf
Mathematical_studies_paper_1_TZ2_SL.pdf,2015 May Examination Session/,https://www.ibdocuments.com/IB%20PAST%20PAPERS%20-%20SUBJECT/Group%205%20-%20Mathematics/Mathematical_studies_SL/2015 May Examination Session/Mathematical_studies_paper_1_TZ2_SL.pdf
Mathematical_studies_paper_1_TZ2_SL_markscheme.pdf,2015 May Examination Session/,https://www.ibdocuments.com/IB%20PAST%20PAPERS%20-%20SUBJECT/Group%205%20-%20Mathematics/Mathematical_studies_SL/2015 May Examination Session/Mathematical_studies_paper_1_TZ2_SL_markscheme.pdf
Mathematical_studies_paper_2_TZ1_SL.pdf,2015 May Examination Session/,https://www.ibdocuments.com/IB%20PAST%20PAPERS%20-%20SUBJECT/Group%205%20-%20Mathematics/Mathematical_studies_SL/2015 May Examination Session/Mathematical_studies_paper_2_TZ1_SL.pdf
Mathematical_studies_paper_2_TZ1_SL_markscheme.pdf,2015 May Examination Session/,https://www.ibdocuments.com/IB%20PAST%20PAPERS%20-%20SUBJECT/Group%205%20-%20Mathematics/Mathematical_studies_SL/2015 May Examination Session/Mathematical_studies_paper_2_TZ1_SL_markscheme.pdf
Mathematical_studies_paper_2_TZ2_SL.pdf,2015 May Examination Session/,https://www.ibdocuments.com/IB%20PAST%20PAPERS%20-%20SUBJECT/Group%205%20-%20Mathematics/Mathematical_studies_SL/2015 May Examination Session/Mathematical_studies_paper_2_TZ2_SL.pdf
Mathematical_studies_paper_2_TZ2_SL_markscheme.pdf,2015 May Examination Session/,https://www.ibdocuments.com/IB%20PAST%20PAPERS%20-%20SUBJECT/Group%205%20-%20Mathematics/Mathematical_studies_SL/2015 May Examination Session/Mathematical_studies_paper_2_TZ2_SL_markscheme.pdf
Mathematical_studies_paper_1_SL.pdf,2015 November Examination Session/,https://www.ibdocuments.com/IB%20PAST%20PAPERS%20-%20SUBJECT/Group%205%20-%20Mathematics/Mathematical_studies_SL/2015 November Examination Session/Mathematical_studies_paper_1_SL.pdf
Mathematical_studies_paper_1_SL_markscheme.pdf,2015 November Examination Session/,https://www.ibdocuments.com/IB%20PAST%20PAPERS%20-%20SUBJECT/Group%205%20-%20Mathematics/Mathematical_studies_SL/2015 November Examination Session/Mathematical_studies_paper_1_SL_markscheme.pdf
Mathematical_studies_paper_1__SL.pdf,2015 November Examination Session/,https://www.ibdocuments.com/IB%20PAST%20PAPERS%20-%20SUBJECT/Group%205%20-%20Mathematics/Mathematical_studies_SL/2015 November Examination Session/Mathematical_studies_paper_1__SL.pdf
Mathematical_studies_paper_1__SL_markscheme.pdf,2015 November Examination Session/,https://www.ibdocuments.com/IB%20PAST%20PAPERS%20-%20SUBJECT/Group%205%20-%20Mathematics/Mathematical_studies_SL/2015 November Examination Session/Mathematical_studies_paper_1__SL_markscheme.pdf
Mathematical_studies_paper_2_SL.pdf,2015 November Examination Session/,https://www.ibdocuments.com/IB%20PAST%20PAPERS%20-%20SUBJECT/Group%205%20-%20Mathematics/Mathematical_studies_SL/2015 November Examination Session/Mathematical_studies_paper_2_SL.pdf
Mathematical_studies_paper_2_SL_markscheme.pdf,2015 November Examination Session/,https://www.ibdocuments.com/IB%20PAST%20PAPERS%20-%20SUBJECT/Group%205%20-%20Mathematics/Mathematical_studies_SL/2015 November Examination Session/Mathematical_studies_paper_2_SL_markscheme.pdf
Mathematical_studies_paper_2__SL.pdf,2015 November Examination Session/,https://www.ibdocuments.com/IB%20PAST%20PAPERS%20-%20SUBJECT/Group%205%20-%20Mathematics/Mathematical_studies_SL/2015 November Examination Session/Mathematical_studies_paper_2__SL.pdf
Mathematical_studies_paper_2__SL_markscheme.pdf,2015 November Examination Session/,https://www.ibdocuments.com/IB%20PAST%20PAPERS%20-%20SUBJECT/Group%205%20-%20Mathematics/Mathematical_studies_SL/2015 November Examination Session/Mathematical_studies_paper_2__SL_markscheme.pdf
Mathematical_studies_paper_1__TZ1_SL.pdf,2016 May Examination Session/,https://www.ibdocuments.com/IB%20PAST%20PAPERS%20-%20SUBJECT/Group%205%20-%20Mathematics/Mathematical_studies_SL/2016 May Examination Session/Mathematical_studies_paper_1__TZ1_SL.pdf
Mathematical_studies_paper_1__TZ1_SL_markscheme.pdf,2016 May Examination Session/,https://www.ibdocuments.com/IB%20PAST%20PAPERS%20-%20SUBJECT/Group%205%20-%20Mathematics/Mathematical_studies_SL/2016 May Examination Session/Mathematical_studies_paper_1__TZ1_SL_markscheme.pdf
Mathematical_studies_paper_1__TZ2_SL.pdf,2016 May Examination Session/,https://www.ibdocuments.com/IB%20PAST%20PAPERS%20-%20SUBJECT/Group%205%20-%20Mathematics/Mathematical_studies_SL/2016 May Examination Session/Mathematical_studies_paper_1__TZ2_SL.pdf
Mathematical_studies_paper_1__TZ2_SL_markscheme.pdf,2016 May Examination Session/,https://www.ibdocuments.com/IB%20PAST%20PAPERS%20-%20SUBJECT/Group%205%20-%20Mathematics/Mathematical_studies_SL/2016 May Examination Session/Mathematical_studies_paper_1__TZ2_SL_markscheme.pdf
Mathematical_studies_paper_2__TZ1_SL.pdf,2016 May Examination Session/,https://www.ibdocuments.com/IB%20PAST%20PAPERS%20-%20SUBJECT/Group%205%20-%20Mathematics/Mathematical_studies_SL/2016 May Examination Session/Mathematical_studies_paper_2__TZ1_SL.pdf
Mathematical_studies_paper_2__TZ1_SL_markscheme.pdf,2016 May Examination Session/,https://www.ibdocuments.com/IB%20PAST%20PAPERS%20-%20SUBJECT/Group%205%20-%20Mathematics/Mathematical_studies_SL/2016 May Examination Session/Mathematical_studies_paper_2__TZ1_SL_markscheme.pdf
Mathematical_studies_paper_2__TZ2_SL.pdf,2016 May Examination Session/,https://www.ibdocuments.com/IB%20PAST%20PAPERS%20-%20SUBJECT/Group%205%20-%20Mathematics/Mathematical_studies_SL/2016 May Examination Session/Mathematical_studies_paper_2__TZ2_SL.pdf
Mathematical_studies_paper_2__TZ2_SL_markscheme.pdf,2016 May Examination Session/,https://www.ibdocuments.com/IB%20PAST%20PAPERS%20-%20SUBJECT/Group%205%20-%20Mathematics/Mathematical_studies_SL/2016 May Examination Session/Mathematical_studies_paper_2__TZ2_SL_markscheme.pdf
Mathematical_studies_paper_1__SL.pdf,2016 November Examination Session/,https://www.ibdocuments.com/IB%20PAST%20PAPERS%20-%20SUBJECT/Group%205%20-%20Mathematics/Mathematical_studies_SL/2016 November Examination Session/Mathematical_studies_paper_1__SL.pdf
Mathematical_studies_paper_1__SL_markscheme.pdf,2016 November Examination Session/,https://www.ibdocuments.com/IB%20PAST%20PAPERS%20-%20SUBJECT/Group%205%20-%20Mathematics/Mathematical_studies_SL/2016 November Examination Session/Mathematical_studies_paper_1__SL_markscheme.pdf
Mathematical_studies_paper_2__SL.pdf,2016 November Examination Session/,https://www.ibdocuments.com/IB%20PAST%20PAPERS%20-%20SUBJECT/Group%205%20-%20Mathematics/Mathematical_studies_SL/2016 November Examination Session/Mathematical_studies_paper_2__SL.pdf
Mathematical_studies_paper_2__SL_markscheme.pdf,2016 November Examination Session/,https://www.ibdocuments.com/IB%20PAST%20PAPERS%20-%20SUBJECT/Group%205%20-%20Mathematics/Mathematical_studies_SL/2016 November Examination Session/Mathematical_studies_paper_2__SL_markscheme.pdf
Mathematical_studies_paper_1__TZ1_SL.pdf,2017 May Examination Session/,https://www.ibdocuments.com/IB%20PAST%20PAPERS%20-%20SUBJECT/Group%205%20-%20Mathematics/Mathematical_studies_SL/2017 May Examination Session/Mathematical_studies_paper_1__TZ1_SL.pdf
Mathematical_studies_paper_1__TZ1_SL_markscheme.pdf,2017 May Examination Session/,https://www.ibdocuments.com/IB%20PAST%20PAPERS%20-%20SUBJECT/Group%205%20-%20Mathematics/Mathematical_studies_SL/2017 May Examination Session/Mathematical_studies_paper_1__TZ1_SL_markscheme.pdf
Mathematical_studies_paper_1__TZ2_SL.pdf,2017 May Examination Session/,https://www.ibdocuments.com/IB%20PAST%20PAPERS%20-%20SUBJECT/Group%205%20-%20Mathematics/Mathematical_studies_SL/2017 May Examination Session/Mathematical_studies_paper_1__TZ2_SL.pdf
Mathematical_studies_paper_1__TZ2_SL_markscheme.pdf,2017 May Examination Session/,https://www.ibdocuments.com/IB%20PAST%20PAPERS%20-%20SUBJECT/Group%205%20-%20Mathematics/Mathematical_studies_SL/2017 May Examination Session/Mathematical_studies_paper_1__TZ2_SL_markscheme.pdf
Mathematical_studies_paper_2__TZ1_SL.pdf,2017 May Examination Session/,https://www.ibdocuments.com/IB%20PAST%20PAPERS%20-%20SUBJECT/Group%205%20-%20Mathematics/Mathematical_studies_SL/2017 May Examination Session/Mathematical_studies_paper_2__TZ1_SL.pdf
Mathematical_studies_paper_2__TZ1_SL_markscheme.pdf,2017 May Examination Session/,https://www.ibdocuments.com/IB%20PAST%20PAPERS%20-%20SUBJECT/Group%205%20-%20Mathematics/Mathematical_studies_SL/2017 May Examination Session/Mathematical_studies_paper_2__TZ1_SL_markscheme.pdf
Mathematical_studies_paper_2__TZ2_SL.pdf,2017 May Examination Session/,https://www.ibdocuments.com/IB%20PAST%20PAPERS%20-%20SUBJECT/Group%205%20-%20Mathematics/Mathematical_studies_SL/2017 May Examination Session/Mathematical_studies_paper_2__TZ2_SL.pdf
Mathematical_studies_paper_2__TZ2_SL_markscheme.pdf,2017 May Examination Session/,https://www.ibdocuments.com/IB%20PAST%20PAPERS%20-%20SUBJECT/Group%205%20-%20Mathematics/Mathematical_studies_SL/2017 May Examination Session/Mathematical_studies_paper_2__TZ2_SL_markscheme.pdf
Mathematical_studies_paper_1__SL.pdf,2017 November Examination Session/,https://www.ibdocuments.com/IB%20PAST%20PAPERS%20-%20SUBJECT/Group%205%20-%20Mathematics/Mathematical_studies_SL/2017 November Examination Session/Mathematical_studies_paper_1__SL.pdf
Mathematical_studies_paper_1__SL_markscheme.pdf,2017 November Examination Session/,https://www.ibdocuments.com/IB%20PAST%20PAPERS%20-%20SUBJECT/Group%205%20-%20Mathematics/Mathematical_studies_SL/2017 November Examination Session/Mathematical_studies_paper_1__SL_markscheme.pdf
Mathematical_studies_paper_2__SL.pdf,2017 November Examination Session/,https://www.ibdocuments.com/IB%20PAST%20PAPERS%20-%20SUBJECT/Group%205%20-%20Mathematics/Mathematical_studies_SL/2017 November Examination Session/Mathematical_studies_paper_2__SL.pdf
Mathematical_studies_paper_2__SL_markscheme.pdf,2017 November Examination Session/,https://www.ibdocuments.com/IB%20PAST%20PAPERS%20-%20SUBJECT/Group%205%20-%20Mathematics/Mathematical_studies_SL/2017 November Examination Session/Mathematical_studies_paper_2__SL_markscheme.pdf
Mathematical_studies_paper_1__TZ1_SL.pdf,2018 May Examination Session/,https://www.ibdocuments.com/IB%20PAST%20PAPERS%20-%20SUBJECT/Group%205%20-%20Mathematics/Mathematical_studies_SL/2018 May Examination Session/Mathematical_studies_paper_1__TZ1_SL.pdf
Mathematical_studies_paper_1__TZ1_SL_markscheme.pdf,2018 May Examination Session/,https://www.ibdocuments.com/IB%20PAST%20PAPERS%20-%20SUBJECT/Group%205%20-%20Mathematics/Mathematical_studies_SL/2018 May Examination Session/Mathematical_studies_paper_1__TZ1_SL_markscheme.pdf
Mathematical_studies_paper_1__TZ2_SL.pdf,2018 May Examination Session/,https://www.ibdocuments.com/IB%20PAST%20PAPERS%20-%20SUBJECT/Group%205%20-%20Mathematics/Mathematical_studies_SL/2018 May Examination Session/Mathematical_studies_paper_1__TZ2_SL.pdf
Mathematical_studies_paper_1__TZ2_SL_markscheme.pdf,2018 May Examination Session/,https://www.ibdocuments.com/IB%20PAST%20PAPERS%20-%20SUBJECT/Group%205%20-%20Mathematics/Mathematical_studies_SL/2018 May Examination Session/Mathematical_studies_paper_1__TZ2_SL_markscheme.pdf
Mathematical_studies_paper_2__TZ1_SL.pdf,2018 May Examination Session/,https://www.ibdocuments.com/IB%20PAST%20PAPERS%20-%20SUBJECT/Group%205%20-%20Mathematics/Mathematical_studies_SL/2018 May Examination Session/Mathematical_studies_paper_2__TZ1_SL.pdf
Mathematical_studies_paper_2__TZ1_SL_markscheme.pdf,2018 May Examination Session/,https://www.ibdocuments.com/IB%20PAST%20PAPERS%20-%20SUBJECT/Group%205%20-%20Mathematics/Mathematical_studies_SL/2018 May Examination Session/Mathematical_studies_paper_2__TZ1_SL_markscheme.pdf
Mathematical_studies_paper_2__TZ2_SL.pdf,2018 May Examination Session/,https://www.ibdocuments.com/IB%20PAST%20PAPERS%20-%20SUBJECT/Group%205%20-%20Mathematics/Mathematical_studies_SL/2018 May Examination Session/Mathematical_studies_paper_2__TZ2_SL.pdf
Mathematical_studies_paper_2__TZ2_SL_markscheme.pdf,2018 May Examination Session/,https://www.ibdocuments.com/IB%20PAST%20PAPERS%20-%20SUBJECT/Group%205%20-%20Mathematics/Mathematical_studies_SL/2018 May Examination Session/Mathematical_studies_paper_2__TZ2_SL_markscheme.pdf
Mathematical_studies_paper_1__SL.pdf,2018 November Examination Session/,https://www.ibdocuments.com/IB%20PAST%20PAPERS%20-%20SUBJECT/Group%205%20-%20Mathematics/Mathematical_studies_SL/2018 November Examination Session/Mathematical_studies_paper_1__SL.pdf
Mathematical_studies_paper_1__SL_markscheme.pdf,2018 November Examination Session/,https://www.ibdocuments.com/IB%20PAST%20PAPERS%20-%20SUBJECT/Group%205%20-%20Mathematics/Mathematical_studies_SL/2018 November Examination Session/Mathematical_studies_paper_1__SL_markscheme.pdf
Mathematical_studies_paper_2__SL.pdf,2018 November Examination Session/,https://www.ibdocuments.com/IB%20PAST%20PAPERS%20-%20SUBJECT/Group%205%20-%20Mathematics/Mathematical_studies_SL/2018 November Examination Session/Mathematical_studies_paper_2__SL.pdf
Mathematical_studies_paper_2__SL_markscheme.pdf,2018 November Examination Session/,https://www.ibdocuments.com/IB%20PAST%20PAPERS%20-%20SUBJECT/Group%205%20-%20Mathematics/Mathematical_studies_SL/2018 November Examination Session/Mathematical_studies_paper_2__SL_markscheme.pdf
Mathematical_studies_paper_1__TZ1_SL.pdf,2019 May Examination Session/,https://www.ibdocuments.com/IB%20PAST%20PAPERS%20-%20SUBJECT/Group%205%20-%20Mathematics/Mathematical_studies_SL/2019 May Examination Session/Mathematical_studies_paper_1__TZ1_SL.pdf
Mathematical_studies_paper_1__TZ1_SL_markscheme.pdf,2019 May Examination Session/,https://www.ibdocuments.com/IB%20PAST%20PAPERS%20-%20SUBJECT/Group%205%20-%20Mathematics/Mathematical_studies_SL/2019 May Examination Session/Mathematical_studies_paper_1__TZ1_SL_markscheme.pdf
Mathematical_studies_paper_1__TZ2_SL.pdf,2019 May Examination Session/,https://www.ibdocuments.com/IB%20PAST%20PAPERS%20-%20SUBJECT/Group%205%20-%20Mathematics/Mathematical_studies_SL/2019 May Examination Session/Mathematical_studies_paper_1__TZ2_SL.pdf
Mathematical_studies_paper_1__TZ2_SL_markscheme.pdf,2019 May Examination Session/,https://www.ibdocuments.com/IB%20PAST%20PAPERS%20-%20SUBJECT/Group%205%20-%20Mathematics/Mathematical_studies_SL/2019 May Examination Session/Mathematical_studies_paper_1__TZ2_SL_markscheme.pdf
Mathematical_studies_paper_2__TZ1_SL.pdf,2019 May Examination Session/,https://www.ibdocuments.com/IB%20PAST%20PAPERS%20-%20SUBJECT/Group%205%20-%20Mathematics/Mathematical_studies_SL/2019 May Examination Session/Mathematical_studies_paper_2__TZ1_SL.pdf
Mathematical_studies_paper_2__TZ1_SL_markscheme.pdf,2019 May Examination Session/,https://www.ibdocuments.com/IB%20PAST%20PAPERS%20-%20SUBJECT/Group%205%20-%20Mathematics/Mathematical_studies_SL/2019 May Examination Session/Mathematical_studies_paper_2__TZ1_SL_markscheme.pdf
Mathematical_studies_paper_2__TZ2_SL.pdf,2019 May Examination Session/,https://www.ibdocuments.com/IB%20PAST%20PAPERS%20-%20SUBJECT/Group%205%20-%20Mathematics/Mathematical_studies_SL/2019 May Examination Session/Mathematical_studies_paper_2__TZ2_SL.pdf
Mathematical_studies_paper_2__TZ2_SL_markscheme.pdf,2019 May Examination Session/,https://www.ibdocuments.com/IB%20PAST%20PAPERS%20-%20SUBJECT/Group%205%20-%20Mathematics/Mathematical_studies_SL/2019 May Examination Session/Mathematical_studies_paper_2__TZ2_SL_markscheme.pdf
Mathematical_studies_paper_1__SL.pdf,2019 November Examination Session/,https://www.ibdocuments.com/IB%20PAST%20PAPERS%20-%20SUBJECT/Group%205%20-%20Mathematics/Mathematical_studies_SL/2019 November Examination Session/Mathematical_studies_paper_1__SL.pdf
Mathematical_studies_paper_1__SL_markscheme.pdf,2019 November Examination Session/,https://www.ibdocuments.com/IB%20PAST%20PAPERS%20-%20SUBJECT/Group%205%20-%20Mathematics/Mathematical_studies_SL/2019 November Examination Session/Mathematical_studies_paper_1__SL_markscheme.pdf
Mathematical_studies_paper_2__SL.pdf,2019 November Examination Session/,https://www.ibdocuments.com/IB%20PAST%20PAPERS%20-%20SUBJECT/Group%205%20-%20Mathematics/Mathematical_studies_SL/2019 November Examination Session/Mathematical_studies_paper_2__SL.pdf
Mathematical_studies_paper_2__SL_markscheme.pdf,2019 November Examination Session/,https://www.ibdocuments.com/IB%20PAST%20PAPERS%20-%20SUBJECT/Group%205%20-%20Mathematics/Mathematical_studies_SL/2019 November Examination Session/Mathematical_studies_paper_2__SL_markscheme.pdf
